{"cameraMode":{"drawMode":0,"name":"Shaded","section":"Shading Mode"},"sceneLighting":true,"audioPlay":false,"sceneViewState":{"showFog":true,"showMaterialUpdate":false,"showSkybox":false,"showFlares":true,"showImageEffects":true,"showParticleSystems":true},"in2DMode":false,"pivot":{"x":-45.406646728515628,"y":3.189891815185547,"z":-86.57682800292969},"rotation":{"x":-0.01876816526055336,"y":0.20841889083385468,"z":0.003998006694018841,"w":0.9778574109077454},"size":48.05500030517578,"orthographic":false}