{"cameraMode":{"drawMode":0,"name":"Shaded","section":"Shading Mode"},"sceneLighting":true,"audioPlay":false,"sceneViewState":{"showFog":true,"showMaterialUpdate":false,"showSkybox":true,"showFlares":true,"showImageEffects":true,"showParticleSystems":true},"in2DMode":false,"pivot":{"x":14.04114055633545,"y":1.8212089538574219,"z":590.6581420898438},"rotation":{"x":0.11521366238594055,"y":0.07591024786233902,"z":-0.008832990191876889,"w":0.9904035925865173},"size":6.033417701721191,"orthographic":false}