{"cameraMode":{"drawMode":0,"name":"Shaded","section":"Shading Mode"},"sceneLighting":false,"audioPlay":false,"sceneViewState":{"showFog":true,"showMaterialUpdate":false,"showSkybox":false,"showFlares":true,"showImageEffects":true,"showParticleSystems":true},"in2DMode":false,"pivot":{"x":-46.23048782348633,"y":4.503024578094482,"z":-89.34139251708985},"rotation":{"x":0.008477393537759781,"y":0.9876455664634705,"z":0.05753675475716591,"w":-0.14554131031036378},"size":5.626736640930176,"orthographic":false}