{"cameraMode":{"drawMode":0,"name":"Shaded","section":"Shading Mode"},"sceneLighting":true,"audioPlay":false,"sceneViewState":{"showFog":true,"showMaterialUpdate":true,"showSkybox":true,"showFlares":true,"showImageEffects":true,"showParticleSystems":true},"in2DMode":false,"pivot":{"x":6.595020294189453,"y":1.4949345588684083,"z":603.0088500976563},"rotation":{"x":0.0505099855363369,"y":0.6616337895393372,"z":-0.04470105096697807,"w":0.7468220591545105},"size":13.122369766235352,"orthographic":false}