{"cameraMode":{"drawMode":0,"name":"Shaded","section":"Shading Mode"},"sceneLighting":false,"audioPlay":false,"sceneViewState":{"showFog":true,"showMaterialUpdate":false,"showSkybox":false,"showFlares":true,"showImageEffects":true,"showParticleSystems":true},"in2DMode":false,"pivot":{"x":-43.78025436401367,"y":4.059167861938477,"z":-89.72919464111328},"rotation":{"x":-0.00016333181702066213,"y":0.9995043873786926,"z":0.031185168772935869,"w":0.005188608076423407},"size":3.35209584236145,"orthographic":false}